adopter	register
Prove You Can Apply	country
Prove You Can Apply	territory
Forms Explorer	government-organisation
ePIMS (Gov Property Unit)	country
ePIMS (Gov Property Unit)	territory
TISC Report	country
TISC Report	government-organisation
TISC Report	local-authority-eng
TISC Report	principal-local-authority
TISC Report	territory
Parliamentary Digital Service	country
Parliamentary Digital Service	territory
AppGov	government-organisation
AppGov	local-authority-eng
AppGov	local-authority-sct
E-petitions	country
E-petitions	territory
Compare International Civil Services	country
Compare International Civil Services	territory
mySociety	local-authority-eng
mySociety	local-authority-sct
mySociety	principal-local-authority
GOV.UK Pay	country
GOV.UK Pay	territory
